price_id,title,sub_title,price,img_url,on_stock,owner_id,id
price_1OHqjEDEq5VtEmnow569cdyF,lambo,black,499999,"[""https://ambgxbbsgequlwnbzchr.supabase.co/storage/v1/object/public/public/cf6f18cf-de80-4468-b767-f9f0fcd02e7b/labmorghini-jpg_price_1OHqjEDEq5VtEmnow569cdyF""]",425,cf6f18cf-de80-4468-b767-f9f0fcd02e7b,prod_P62oc1wJXt4HPf
price_1ONuqqDEq5VtEmnoSBIfHi3g,Marakuja juice,yummy,3.99,"[""https://ambgxbbsgequlwnbzchr.supabase.co/storage/v1/object/public/public/cf6f18cf-de80-4468-b767-f9f0fcd02e7b/passion-fruit-juice-jpg_price_1OHqioDEq5VtEmno40cFrcIR""]",99994,cf6f18cf-de80-4468-b767-f9f0fcd02e7b,prod_PCJTRj196rBkbo
price_1Os1YSDEq5VtEmnoyPKeBsLy,pea,test metamask transaction,1,"[""https://ambgxbbsgequlwnbzchr.supabase.co/storage/v1/object/public/public/cf6f18cf-de80-4468-b767-f9f0fcd02e7b/pea-jpg_price_1Os1YSDEq5VtEmnoyPKeBsLy""]",22,cf6f18cf-de80-4468-b767-f9f0fcd02e7b,prod_PhQP5rL3S677yt
price_1PevggDEq5VtEmnosMXcna2F,Challenger 600,"Private jet
6200 USD per hour",999999,"[""https://ambgxbbsgequlwnbzchr.supabase.co/storage/v1/object/public/public/cf6f18cf-de80-4468-b767-f9f0fcd02e7b/challenger-600-3-jpg_price_1PevggDEq5VtEmnosMXcna2F"",""https://ambgxbbsgequlwnbzchr.supabase.co/storage/v1/object/public/public/cf6f18cf-de80-4468-b767-f9f0fcd02e7b/challenger-600-2-jpg_price_1PevggDEq5VtEmnosMXcna2F"",""https://ambgxbbsgequlwnbzchr.supabase.co/storage/v1/object/public/public/cf6f18cf-de80-4468-b767-f9f0fcd02e7b/challenger-600-jpg_price_1PevggDEq5VtEmnosMXcna2F""]",8,cf6f18cf-de80-4468-b767-f9f0fcd02e7b,prod_QVxbyALM91JbaJ
price_1PevpIDEq5VtEmnocbC93KLq,black lamborghini huracan,"Max speed - over 325 km per hour
0-100 km per hour in 3.2 seconds",258264,"[""https://ambgxbbsgequlwnbzchr.supabase.co/storage/v1/object/public/public/cf6f18cf-de80-4468-b767-f9f0fcd02e7b/lamborghini-in-blue-smoke-jpg_price_1PevpIDEq5VtEmnocbC93KLq"",""https://ambgxbbsgequlwnbzchr.supabase.co/storage/v1/object/public/public/cf6f18cf-de80-4468-b767-f9f0fcd02e7b/lamborghini-jpg_price_1PevpIDEq5VtEmnocbC93KLq"",""https://ambgxbbsgequlwnbzchr.supabase.co/storage/v1/object/public/public/cf6f18cf-de80-4468-b767-f9f0fcd02e7b/lamborghini-in-smoke-jpg_price_1PevpIDEq5VtEmnocbC93KLq""]",18,cf6f18cf-de80-4468-b767-f9f0fcd02e7b,prod_QVxkQmh3OyQfxm
price_1PewAGDEq5VtEmnoecTWP0wL,G450,"Exterior
Exterior Height: 25 ft 2 in
Wing Span: 77 ft 10 in
Length: 89 ft 4 in
Interior
Cabin Height: 6 ft 2 In
Cabin Width: 7 ft 4 In
Cabin Length: 40 ft 4 In
Cabin Volume: 1523 cu ft
Door Height: 5 ft 0 In
Door Width: 3 ft 0 In
Internal Baggage: 169 cu ft
Occupancy
Crew: 2
Passengers: 14
Operating Weights
Max T/O Weight: 74600 Lb
Max Landing Weight: 66000 Lb
Operating Weight: 43200 Lb
Empty Weight: 42644 Lb
Fuel Capacity: 29281 lbs Lb
Payload Useful: 32000 Lb
Payload W/Full Fuel: 2500 Lb
Max Payload: 5800 Lb
Range
Normal Range: 4100 nm
Max Range: 4350 nm
Service Ceiling: 45000 ft",999999,"[""https://ambgxbbsgequlwnbzchr.supabase.co/storage/v1/object/public/public/cf6f18cf-de80-4468-b767-f9f0fcd02e7b/g450-black-inside-2-jpg_price_1PewAGDEq5VtEmnoecTWP0wL"",""https://ambgxbbsgequlwnbzchr.supabase.co/storage/v1/object/public/public/cf6f18cf-de80-4468-b767-f9f0fcd02e7b/g450-black-inside-jpg_price_1PewAGDEq5VtEmnoecTWP0wL"",""https://ambgxbbsgequlwnbzchr.supabase.co/storage/v1/object/public/public/cf6f18cf-de80-4468-b767-f9f0fcd02e7b/g450-black-webp_price_1PewAGDEq5VtEmnoecTWP0wL"",""https://ambgxbbsgequlwnbzchr.supabase.co/storage/v1/object/public/public/cf6f18cf-de80-4468-b767-f9f0fcd02e7b/g450-black-jpg_price_1PewAGDEq5VtEmnoecTWP0wL""]",450,cf6f18cf-de80-4468-b767-f9f0fcd02e7b,prod_QVy66rfUNpgjS0